{"version":3,"hash":{"type":"Buffer","data":"2WRaMGFe9xFgdpJWAaVti1BQmkEZSTedMlIp0FnsBwON0OAwQYl/T8BqizFFSjGHU/OD1pkAQDZG1syUZa4W1E7ruINUMTwZZvxqB2o3GzkwwCBygW3EG90u0v0ReBcMpPCPCz4LN0g5vzCgEpKCfhwDRxWtX/g7V/M8Uuv3ulQ="},"indexValueMap":{"AmUdVRHKh+chP1c/gP1BVBQyuAFmqXIvocqwknaA9XE=":{"valueMac":{"type":"Buffer","data":"+K/nEjRa5DqKgdzIEgONszQL+qdbITIUO8s0JWjLig0="}},"KR/R8hWdiG0bX+AozQKUawbW7ZMDbIC2BfgordJbGxA=":{"valueMac":{"type":"Buffer","data":"s5wUBDVg5awCrzDFcLjMAmfaQOaY7NhTbgcDZH4jEi0="}},"OOmL/GtBHwFQ1B2ZyyKdblfBF90ycFoJoPYUxQrshQQ=":{"valueMac":{"type":"Buffer","data":"cST5jKoSSgEQttqrJ4upYh9T/wJzzWOPUHJ4v1FIFeM="}},"vkrX40b9/E6Ewy2jyBAxt0tnUzLgJGauyCe9ogsVFwg=":{"valueMac":{"type":"Buffer","data":"FzniiuFjSQiFUzKbRx0oXJ30khAYuxxObyZwGqUSkLg="}},"/TdQ3ui6QcrHFG2vBL9IAYtC88px3Ug4pP35Q/ZNjac=":{"valueMac":{"type":"Buffer","data":"puGj2YpGXUSk5BNHAeZZLR7Z2aD0+beC0WLizLVbn7s="}}}}