{"version":2,"hash":{"type":"Buffer","data":"88P254dJ9SICTSrT28lmxkLstcgMHj1hKVWeakyVuU7TNqKmntHgKzsslFuVP+EH2zMrjPsVV6xV/tiSkDb7M4Wat9MxK7XMssWY4+dKo44v6nSe26R2fIE2Y+9bBcWWJClXD2imYzsXy5E/mV3VKq+pg8Yyl0cjpMGMTW1tIpo="},"indexValueMap":{"Ow1muidhRJ5pwhKYj5OKXqtEgRf2Vb7dtC4VHqcdT0E=":{"valueMac":{"type":"Buffer","data":"MhHf/hKOGZVhWipGzszrjactvbkHfTWJrpm0fVcNgl0="}},"UD/efo3Om8gn5EzwcVs7Zfq0CfQwuSOgrl5dbVYSe6c=":{"valueMac":{"type":"Buffer","data":"tCK4SsUvyRTHYhC6KcVM9rEsuTSDlqWn3hw2e5zYW7U="}},"ZEH0i0l+8ImKOgB/GrUzOUNa+zqPMaMV4wvTT5W9DAQ=":{"valueMac":{"type":"Buffer","data":"lknR5ce23AGpIhwz1gOUlxsbOnzid8bZQhO9ZWpAy3o="}}}}