{"noiseKey":{"private":{"type":"Buffer","data":"wMC7ApBN5hRDt/aVB8KympAFG8MrHyBJa0TCqm3Tj28="},"public":{"type":"Buffer","data":"tCK6/SWDUwT+F/w4UbYNfLeVBe18/qyS09fD17EqcW4="}},"pairingEphemeralKeyPair":{"private":{"type":"Buffer","data":"kEyGyPYTkV1NrsaYXD8uagsFydFtOR6UpNnphe1OkkM="},"public":{"type":"Buffer","data":"+Xs3hI7QklxkRXTuTHYzVHfC2qNvbt9zCwj7RM7hJ1U="}},"signedIdentityKey":{"private":{"type":"Buffer","data":"YHj/SjQtXnpXgSJOwTXJ37YGilC/sdQkxolSDs4lMUk="},"public":{"type":"Buffer","data":"FdzSkhsghH/m9djGzYKuwhu15xNtV7cnULNBt8LJmX4="}},"signedPreKey":{"keyPair":{"private":{"type":"Buffer","data":"ADEFgO1X2FPBkKMLLo5ZNhfYc7iJymC6v6kcDsaW+kQ="},"public":{"type":"Buffer","data":"hKWUOR8zqUI6HTop8WmTIEG/fAYTV/cH0fyAzvKG1WQ="}},"signature":{"type":"Buffer","data":"aGCqYtYXPkNOcQ503csgpo5kx1XANfLFvBCjuIw/E3uLBSOrma4OO70QnOsse9OoHm2x+glH7z94EH+LqwY8Bg=="},"keyId":1},"registrationId":226,"advSecretKey":"vNtoo/ClAUixvjfH4Z+J9Lmr5pRNd4DfeIIpJVueqD4=","processedHistoryMessages":[{"key":{"remoteJid":"6287738783423@s.whatsapp.net","fromMe":true,"id":"B928129CDC469BC72BE07B84A57011B0"},"messageTimestamp":1741678362},{"key":{"remoteJid":"6287738783423@s.whatsapp.net","fromMe":true,"id":"DB11BCF3D386F11D7238FEB80F8C27C3"},"messageTimestamp":1741678362},{"key":{"remoteJid":"6287738783423@s.whatsapp.net","fromMe":true,"id":"951AD9C39A9BB423A782EE5E3B5FBF24"},"messageTimestamp":1741678364},{"key":{"remoteJid":"6287738783423@s.whatsapp.net","fromMe":true,"id":"9DF61B1C08807C7C63DE9E21B317FCD4"},"messageTimestamp":1741678365}],"nextPreKeyId":31,"firstUnuploadedPreKeyId":31,"accountSyncCounter":1,"accountSettings":{"unarchiveChats":false},"registered":true,"pairingCode":"6VX3FK1T","me":{"id":"6287738783423:10@s.whatsapp.net","lid":"154971580399704:10@lid","name":"Pikiww"},"account":{"details":"CKSK348FEJXOv74GGAIgACgA","accountSignatureKey":"KxRS/CFso5W02VfNOm1mUGRqSsgFvPXqfDPHZvoVFig=","accountSignature":"4gVfkJWoXnpH0p24PkPrgPyHbhQKLiMcHV8i9fbuvK1WuXx1+Bzssf3IMbWip1ElAoR8Vfu59elu/5Mr5ZBQCQ==","deviceSignature":"fJB215tF+YI3DmXLimZvQ8+8aAqEUXm6RgzHn7hfDH+AfAanXvtfmcpRFOlisaL3tGyynP5mWBH9VOQm0b/+Cw=="},"signalIdentities":[{"identifier":{"name":"6287738783423:10@s.whatsapp.net","deviceId":0},"identifierKey":{"type":"Buffer","data":"BSsUUvwhbKOVtNlXzTptZlBkakrIBbz16nwzx2b6FRYo"}}],"platform":"android","routingInfo":{"type":"Buffer","data":"CAIIBQ=="},"lastAccountSyncTimestamp":1741678610,"lastPropHash":"3R9Z39","myAppStateKeyId":"AAAAADGr"}