{"_sessions":{"BUso5m9LwzFij5cDqWN0Wg+MuN7Cxg+46pziV27NFolL":{"registrationId":330074714,"currentRatchet":{"ephemeralKeyPair":{"pubKey":"BQ0Jd/QZzJq0kuIFvo6Whd6gFJfXAozc2eZy/KStCMYo","privKey":"IGbGndBiJl0OtKZlGdG8VH044p1PPh9X+onFQ/eM8XY="},"lastRemoteEphemeralKey":"BYC0cLFWtjHspsnLKG2uDXC2jgWdjaxe+RWodPXFlb8s","previousCounter":0,"rootKey":"HhTtnRajgDmK1UHC+ST6yfEhzj/nnUWz7lOHeCgiHYo="},"indexInfo":{"baseKey":"BUso5m9LwzFij5cDqWN0Wg+MuN7Cxg+46pziV27NFolL","baseKeyType":1,"closed":-1,"used":1741679734368,"created":1741679220294,"remoteIdentityKey":"BbfBCnCpuCquQBWv4hpV86917ckpqivc/4MNiApUh4ha"},"_chains":{"BYC0cLFWtjHspsnLKG2uDXC2jgWdjaxe+RWodPXFlb8s":{"chainKey":{"counter":0,"key":"bVi5hjnFdB1ywgEYugJNFZkBLp7z80ZJ6hWK7zAdD2s="},"chainType":2,"messageKeys":{}},"BQ0Jd/QZzJq0kuIFvo6Whd6gFJfXAozc2eZy/KStCMYo":{"chainKey":{"counter":0,"key":"ez8A0zRt+wU41F2ywJ4jAFVn5njC2Cw7TyyF+oK/sL4="},"chainType":1,"messageKeys":{}}}}},"version":"v1"}