{"_sessions":{"Bf2WGhn+WpclMgra9IB8CDYzvhrch/squpoQkLF1ndkZ":{"registrationId":119,"currentRatchet":{"ephemeralKeyPair":{"pubKey":"BTYbVtoBWiB6wZPNy00C8TujxUFcGAJWOV9m1NcCuahJ","privKey":"2CFnmokZUpOqJw27xHyMKMCDSjwC4ZBBsSxIdfui+Wk="},"lastRemoteEphemeralKey":"BSu9IQ52HWjtyf9T51UXJBFfpooR9M7COAKcYNFZPVA0","previousCounter":0,"rootKey":"eHQSHEpXKFasr8pNS8rkRhnWGzFFCZBe3BQcmu6tIvk="},"indexInfo":{"baseKey":"Bf2WGhn+WpclMgra9IB8CDYzvhrch/squpoQkLF1ndkZ","baseKeyType":1,"closed":-1,"used":1741678362546,"created":1741678362546,"remoteIdentityKey":"BUq2/ewX1NVWt1yTQxJzt1swveebHske3O6Heuz3sAtd"},"_chains":{"BTYbVtoBWiB6wZPNy00C8TujxUFcGAJWOV9m1NcCuahJ":{"chainKey":{"counter":12,"key":"4hjH4RO+mL5vdu+50Xi0yGYXTFAWZAM9fRF1EsGMhbE="},"chainType":1,"messageKeys":{}}},"pendingPreKey":{"signedKeyId":1,"baseKey":"Bf2WGhn+WpclMgra9IB8CDYzvhrch/squpoQkLF1ndkZ","preKeyId":14}}},"version":"v1"}