{"_sessions":{"BTYucWbuY9okwbX16M5vbc889XtmLLdMcP/C9V50NPwe":{"registrationId":1714956931,"currentRatchet":{"ephemeralKeyPair":{"pubKey":"BSNCK+gt5ft0IYPM2wHjOPE4gHOGMJe385zTtB8zTPw4","privKey":"QNbrJaQdyzXgdpkeRqGdrSQoZ6K8UNnosLxuFzha2k8="},"lastRemoteEphemeralKey":"BdrDV5MHFeXpsE9+PzdR0oeb3aPi4Hs+w3FXDZ9TdAVr","previousCounter":0,"rootKey":"9NnMi5scVlVhIqle/DoTXUb1mIjFS59jWI0Y3m75kkU="},"indexInfo":{"baseKey":"BTYucWbuY9okwbX16M5vbc889XtmLLdMcP/C9V50NPwe","baseKeyType":2,"closed":1741678362550,"used":1741678362455,"created":1741678362455,"remoteIdentityKey":"BSsUUvwhbKOVtNlXzTptZlBkakrIBbz16nwzx2b6FRYo"},"_chains":{"BdrDV5MHFeXpsE9+PzdR0oeb3aPi4Hs+w3FXDZ9TdAVr":{"chainKey":{"counter":4,"key":"5Zr6J1JWPnvvg1Wk67CNHTQLnOKhSrCCxvl3fvbTE/w="},"chainType":2,"messageKeys":{}},"BSNCK+gt5ft0IYPM2wHjOPE4gHOGMJe385zTtB8zTPw4":{"chainKey":{"counter":-1,"key":"te2td0TgiQeGjNyfcWdWIiMpnF3Mz4scvy9+stDE46Y="},"chainType":1,"messageKeys":{}}}},"BaRcrpLaSrABW9UYSGilfnBV56jSkqXJ3gvLymeKxpZy":{"registrationId":1714956931,"currentRatchet":{"ephemeralKeyPair":{"pubKey":"BbIeZziu5940OP3988dkanaBig+PCx5C0aAamu/HfBsu","privKey":"CNGKTdQPWWP9pxtwXIJWwN7ULRO7i3SQrYA9pB12o2U="},"lastRemoteEphemeralKey":"BTzrS6KDXu//8SybyO49ZLfjnsCDQa6Z7vCV6O4igLcc","previousCounter":0,"rootKey":"/jHE9/Yoiz7x6gTFtMdmx2yOL8cmnMJXt0nMPchmCtc="},"indexInfo":{"baseKey":"BaRcrpLaSrABW9UYSGilfnBV56jSkqXJ3gvLymeKxpZy","baseKeyType":1,"closed":1741679648192,"used":1741678368320,"created":1741678362547,"remoteIdentityKey":"BSsUUvwhbKOVtNlXzTptZlBkakrIBbz16nwzx2b6FRYo"},"_chains":{"BTzrS6KDXu//8SybyO49ZLfjnsCDQa6Z7vCV6O4igLcc":{"chainKey":{"counter":3,"key":"7x1dXj2n+NtcXL/btqGSjkA/7UFs4o/kzrZqZkmw8HE="},"chainType":2,"messageKeys":{}},"BbIeZziu5940OP3988dkanaBig+PCx5C0aAamu/HfBsu":{"chainKey":{"counter":11,"key":"j5XeR6/2qG2eCEBAhtDWQSjtqgyTFQCbj0VAiGEBEN0="},"chainType":1,"messageKeys":{}}}},"BbYaD5Gg21TTVTdwOeqtBb30T7YgCKzVE4O8z/dO9540":{"registrationId":1714956931,"currentRatchet":{"ephemeralKeyPair":{"pubKey":"BU9sVaFtA6i7RVPhPIJMJb6dgCNew97rKdTGMzYT42Uz","privKey":"oHHMiWsv5Q8UTDF3rDhmnAoOV3OnUoir16WZv8I2RHk="},"lastRemoteEphemeralKey":"BdHx2lTXa1qabScL0a3MEC2aRlpTCTf9lL5l5AktGQMt","previousCounter":0,"rootKey":"KV1OUnpu+7H3KIh6ZygKnQF5iPvtcuUgqveH0SDYmXo="},"indexInfo":{"baseKey":"BbYaD5Gg21TTVTdwOeqtBb30T7YgCKzVE4O8z/dO9540","baseKeyType":1,"closed":1741679648425,"used":1741679648188,"created":1741679648188,"remoteIdentityKey":"BSsUUvwhbKOVtNlXzTptZlBkakrIBbz16nwzx2b6FRYo"},"_chains":{"BU9sVaFtA6i7RVPhPIJMJb6dgCNew97rKdTGMzYT42Uz":{"chainKey":{"counter":-1,"key":"KaN+WshFF+8yym/vuVE1fc99p3Suxqxuups+lT40voI="},"chainType":1,"messageKeys":{}}},"pendingPreKey":{"signedKeyId":0,"baseKey":"BbYaD5Gg21TTVTdwOeqtBb30T7YgCKzVE4O8z/dO9540","preKeyId":11388648}},"BTrRcYty93DJOgob4sBfXTr1tpcvwFdpDrBwcgpNDTRw":{"registrationId":1714956931,"currentRatchet":{"ephemeralKeyPair":{"pubKey":"BaK+/c6xJeotndV2mUA3YADmfQO8fqUqmC/mHlDWdGJW","privKey":"4DOqRH9r7e2fIf8PSuF3U6FHUxVk0ID9pteg7ujDnGo="},"lastRemoteEphemeralKey":"BdHx2lTXa1qabScL0a3MEC2aRlpTCTf9lL5l5AktGQMt","previousCounter":0,"rootKey":"tGZOqMi9jYEgCIY4rwRqCam8XH4ReMtq2qvEOytudEg="},"indexInfo":{"baseKey":"BTrRcYty93DJOgob4sBfXTr1tpcvwFdpDrBwcgpNDTRw","baseKeyType":1,"closed":1741679648658,"used":1741679648423,"created":1741679648423,"remoteIdentityKey":"BSsUUvwhbKOVtNlXzTptZlBkakrIBbz16nwzx2b6FRYo"},"_chains":{"BaK+/c6xJeotndV2mUA3YADmfQO8fqUqmC/mHlDWdGJW":{"chainKey":{"counter":-1,"key":"AfVzI8zBfbJeaoo251UPa+VbPC4lNuqogPEOWbcEbFc="},"chainType":1,"messageKeys":{}}},"pendingPreKey":{"signedKeyId":0,"baseKey":"BTrRcYty93DJOgob4sBfXTr1tpcvwFdpDrBwcgpNDTRw","preKeyId":11388642}},"BZiGFz+DE9U/8NNSoDwWFXxnyssMaPAXTrUHg5va/tBW":{"registrationId":1714956931,"currentRatchet":{"ephemeralKeyPair":{"pubKey":"BRX4gnvANs4ieRn59GI7ZUyAOO0ClAaWLRuh6JFOLaZ7","privKey":"wM3vW+orA9dScCT7MvP6HZoYNk7UXTgXbjIy/2zrbnw="},"lastRemoteEphemeralKey":"BdHx2lTXa1qabScL0a3MEC2aRlpTCTf9lL5l5AktGQMt","previousCounter":0,"rootKey":"DyplJGe6Okd8mU8ZrThzZRigwBq0zDc9advLF3pn87w="},"indexInfo":{"baseKey":"BZiGFz+DE9U/8NNSoDwWFXxnyssMaPAXTrUHg5va/tBW","baseKeyType":1,"closed":1741679648895,"used":1741679648656,"created":1741679648656,"remoteIdentityKey":"BSsUUvwhbKOVtNlXzTptZlBkakrIBbz16nwzx2b6FRYo"},"_chains":{"BRX4gnvANs4ieRn59GI7ZUyAOO0ClAaWLRuh6JFOLaZ7":{"chainKey":{"counter":-1,"key":"g+mjS31FvSLL0EDo/AG+HK6+ybEGpYQ1ivjfqxGd7NQ="},"chainType":1,"messageKeys":{}}},"pendingPreKey":{"signedKeyId":0,"baseKey":"BZiGFz+DE9U/8NNSoDwWFXxnyssMaPAXTrUHg5va/tBW","preKeyId":11389423}},"Bdax6QaVT+J8GcAy+qGvAtq3Ww2+pjrZlIUz2vsZTMM8":{"registrationId":1714956931,"currentRatchet":{"ephemeralKeyPair":{"pubKey":"BQ4ZSnKPZJX92zZw7PkyGElN705JCU6HbASHhNNFhwdG","privKey":"IIK1yfbNBcgX+21OAd4t2vkfnaz6DOh/Fpg7waiaMkM="},"lastRemoteEphemeralKey":"BdHx2lTXa1qabScL0a3MEC2aRlpTCTf9lL5l5AktGQMt","previousCounter":0,"rootKey":"zFgkLvDZXObrSfXhWuwr95i8WWwqhnfrIdGyvLPSOpg="},"indexInfo":{"baseKey":"Bdax6QaVT+J8GcAy+qGvAtq3Ww2+pjrZlIUz2vsZTMM8","baseKeyType":1,"closed":1741679649128,"used":1741679648894,"created":1741679648894,"remoteIdentityKey":"BSsUUvwhbKOVtNlXzTptZlBkakrIBbz16nwzx2b6FRYo"},"_chains":{"BQ4ZSnKPZJX92zZw7PkyGElN705JCU6HbASHhNNFhwdG":{"chainKey":{"counter":-1,"key":"OExrMQ1tiTMBybcIjMlpSG2khfwaaCuu56cM/ZLzGkQ="},"chainType":1,"messageKeys":{}}},"pendingPreKey":{"signedKeyId":0,"baseKey":"Bdax6QaVT+J8GcAy+qGvAtq3Ww2+pjrZlIUz2vsZTMM8","preKeyId":11389380}},"BVN6R7XzraHIFTO2OrCoDCup+fYWXrt9porqgN34bpsx":{"registrationId":1714956931,"currentRatchet":{"ephemeralKeyPair":{"pubKey":"BcSzrKG2WQ68QbWELo6bCCzS+VkmQZZUMgfdqabwUxsN","privKey":"SAIVPv2TmPmW8yri10En0mmxETUMPY0yBSrX2MHQhXA="},"lastRemoteEphemeralKey":"BdHx2lTXa1qabScL0a3MEC2aRlpTCTf9lL5l5AktGQMt","previousCounter":0,"rootKey":"SgKAI3x4XjrhbjMwiKypwnq5LNcxnQoSWOvW1WmEAZc="},"indexInfo":{"baseKey":"BVN6R7XzraHIFTO2OrCoDCup+fYWXrt9porqgN34bpsx","baseKeyType":1,"closed":1741679649362,"used":1741679649127,"created":1741679649127,"remoteIdentityKey":"BSsUUvwhbKOVtNlXzTptZlBkakrIBbz16nwzx2b6FRYo"},"_chains":{"BcSzrKG2WQ68QbWELo6bCCzS+VkmQZZUMgfdqabwUxsN":{"chainKey":{"counter":-1,"key":"mgbNVlUSRviss0WmojvvLuFpj/t3iduiFF7f9D3Ri88="},"chainType":1,"messageKeys":{}}},"pendingPreKey":{"signedKeyId":0,"baseKey":"BVN6R7XzraHIFTO2OrCoDCup+fYWXrt9porqgN34bpsx","preKeyId":11388652}},"BUp9+pgTOG2abroNcVIDjN5LrTKN/GR3jqUHAIpR7pVQ":{"registrationId":1714956931,"currentRatchet":{"ephemeralKeyPair":{"pubKey":"BQgZfpsRNSSb3EtGvULYC/WsdUoK+P2+u6iU+aS4vRMV","privKey":"kMXqXnOuAyAuKxe1cse5AN1VDF2ZE3IrXZWP5fpojG0="},"lastRemoteEphemeralKey":"BdHx2lTXa1qabScL0a3MEC2aRlpTCTf9lL5l5AktGQMt","previousCounter":0,"rootKey":"FzgwwDlGHu1AwLHELjkKWGEq714iZA84/va7jLE/tfg="},"indexInfo":{"baseKey":"BUp9+pgTOG2abroNcVIDjN5LrTKN/GR3jqUHAIpR7pVQ","baseKeyType":1,"closed":1741679649594,"used":1741679649357,"created":1741679649357,"remoteIdentityKey":"BSsUUvwhbKOVtNlXzTptZlBkakrIBbz16nwzx2b6FRYo"},"_chains":{"BQgZfpsRNSSb3EtGvULYC/WsdUoK+P2+u6iU+aS4vRMV":{"chainKey":{"counter":-1,"key":"fOaUbVa1/lOvGkuj8uEB+RpyxqSnnul0stYsEhv6ohk="},"chainType":1,"messageKeys":{}}},"pendingPreKey":{"signedKeyId":0,"baseKey":"BUp9+pgTOG2abroNcVIDjN5LrTKN/GR3jqUHAIpR7pVQ","preKeyId":11388671}},"Bbjpn05d3X1mFkKKv9gGPshfGVcsRAaWlXWwehkVuP4I":{"registrationId":1714956931,"currentRatchet":{"ephemeralKeyPair":{"pubKey":"BWy4+V/0JCjtpav+nAc094d21a78Come8zn6z0hWOLBp","privKey":"ECG7KUIxLkvEXiosU5kJhMZRcy4FjvSRzepGqTEOwXI="},"lastRemoteEphemeralKey":"BdHx2lTXa1qabScL0a3MEC2aRlpTCTf9lL5l5AktGQMt","previousCounter":0,"rootKey":"unwj3cAZYfX3WnRJWP1tZB/JoWErQSo64I8ucw5Zm6g="},"indexInfo":{"baseKey":"Bbjpn05d3X1mFkKKv9gGPshfGVcsRAaWlXWwehkVuP4I","baseKeyType":1,"closed":1741679649828,"used":1741679649593,"created":1741679649593,"remoteIdentityKey":"BSsUUvwhbKOVtNlXzTptZlBkakrIBbz16nwzx2b6FRYo"},"_chains":{"BWy4+V/0JCjtpav+nAc094d21a78Come8zn6z0hWOLBp":{"chainKey":{"counter":-1,"key":"3rE6zKI7YC+Us28tn577a3GNuXRyDlrKRvXmy8t2SU0="},"chainType":1,"messageKeys":{}}},"pendingPreKey":{"signedKeyId":0,"baseKey":"Bbjpn05d3X1mFkKKv9gGPshfGVcsRAaWlXWwehkVuP4I","preKeyId":11389424}},"BXUkXLdjTBHWCeEvjAdH2Q7wnWzCzaTyfBl8WLiuJpMC":{"registrationId":1714956931,"currentRatchet":{"ephemeralKeyPair":{"pubKey":"BcuIztML0umqcVx3+W57mUqHcI/XmWjSCi9nFNmtX7os","privKey":"UEHh9DCBttpWeAAoAvi12GC25N+z2pmc085Iq2ziZWc="},"lastRemoteEphemeralKey":"BdHx2lTXa1qabScL0a3MEC2aRlpTCTf9lL5l5AktGQMt","previousCounter":0,"rootKey":"WHQeoKi+HNa2rgPviLeCtk/zDY92HyMpQYj/jAQJvn8="},"indexInfo":{"baseKey":"BXUkXLdjTBHWCeEvjAdH2Q7wnWzCzaTyfBl8WLiuJpMC","baseKeyType":1,"closed":-1,"used":1741679649827,"created":1741679649827,"remoteIdentityKey":"BSsUUvwhbKOVtNlXzTptZlBkakrIBbz16nwzx2b6FRYo"},"_chains":{"BcuIztML0umqcVx3+W57mUqHcI/XmWjSCi9nFNmtX7os":{"chainKey":{"counter":3,"key":"rtLO8w2paGDqTsiNthXre15wA9NGwtW+5ov2H2B9YsE="},"chainType":1,"messageKeys":{}}},"pendingPreKey":{"signedKeyId":0,"baseKey":"BXUkXLdjTBHWCeEvjAdH2Q7wnWzCzaTyfBl8WLiuJpMC","preKeyId":11388656}}},"version":"v1"}