{"_sessions":{"BZgGG8g02YTW/puiAUgqIy0VBNAyCFGkbAW9nxBfa40F":{"registrationId":1897303905,"currentRatchet":{"ephemeralKeyPair":{"pubKey":"Bef8SKGm475vvAyMvo/VYnVw1lUE/ueDJ3I7kvu4BKsD","privKey":"mM+85BRQT9/EJsxyPHLfRpXB9IfiARF3R3lEYoER83I="},"lastRemoteEphemeralKey":"BbeW6kQI9jcaBLAfp++uOeVhWDAp1cvUJ6oF/McPUKpZ","previousCounter":0,"rootKey":"GGrmA9HV0g0EE4/+mmCC0Pu8pLvbv0Wk29MvePv0yHo="},"indexInfo":{"baseKey":"BZgGG8g02YTW/puiAUgqIy0VBNAyCFGkbAW9nxBfa40F","baseKeyType":2,"closed":-1,"used":1741679219340,"created":1741678445832,"remoteIdentityKey":"BR02kmVbKrMQQGjzAKRuMWZRsvlbF5vO2RKwscoBCCcm"},"_chains":{"BWtcndqJaa4j/ZSKGyTDmkcVVqsP29rEnWXo1N6xi9E9":{"chainKey":{"counter":0},"chainType":2,"messageKeys":{}},"BS2UwkQntrO2pcTxeNeIUFSKM8I53JQyu8LJoQD7Nw9b":{"chainKey":{"counter":6},"chainType":2,"messageKeys":{}},"BZulR1sOVQmoT1p95dQtL5FAeFqu3i6HX3OdROCm/x0s":{"chainKey":{"counter":3},"chainType":2,"messageKeys":{}},"BXQUlU+PmHTL2fZGwSDXFGe+oyq3ELj6kKgf6i785vQR":{"chainKey":{"counter":0},"chainType":2,"messageKeys":{}},"BbeW6kQI9jcaBLAfp++uOeVhWDAp1cvUJ6oF/McPUKpZ":{"chainKey":{"counter":5,"key":"QDZED3/XXFk+OT0wWwyigeMKfgVNCAFvuBH5I3MR27U="},"chainType":2,"messageKeys":{}},"Bef8SKGm475vvAyMvo/VYnVw1lUE/ueDJ3I7kvu4BKsD":{"chainKey":{"counter":1,"key":"SgnSFqyYU7Ea+4qDezuewtm/VRm7QUAMM7N8tWjJs+4="},"chainType":1,"messageKeys":{}}}}},"version":"v1"}